{"stats":{"minecraft:dropped":{"minecraft:sand":26,"minecraft:rabbit":1},"minecraft:killed":{"minecraft:cat":2,"minecraft:skeleton":1,"minecraft:rabbit":1,"minecraft:husk":1,"minecraft:villager":6,"minecraft:creeper":1,"minecraft:pufferfish":1},"minecraft:killed_by":{"minecraft:skeleton":1},"minecraft:picked_up":{"minecraft:rabbit_hide":1,"minecraft:sand":26,"minecraft:rabbit":1},"minecraft:used":{"minecraft:rabbit":1,"minecraft:flint_and_steel":3,"minecraft:tnt":303},"minecraft:custom":{"minecraft:open_chest":1,"minecraft:time_since_rest":39568,"minecraft:crouch_one_cm":275,"minecraft:play_time":41795,"minecraft:sprint_one_cm":8072,"minecraft:walk_one_cm":8604,"minecraft:damage_taken":285,"minecraft:deaths":1,"minecraft:sneak_time":777,"minecraft:walk_under_water_one_cm":689,"minecraft:mob_kills":14,"minecraft:drop":27,"minecraft:jump":77,"minecraft:damage_dealt":157,"minecraft:time_since_death":39370,"minecraft:walk_on_water_one_cm":814,"minecraft:total_world_time":41795,"minecraft:swim_one_cm":4751,"minecraft:talked_to_villager":8,"minecraft:fall_one_cm":1143,"minecraft:fly_one_cm":199978,"minecraft:horse_one_cm":693}},"DataVersion":3465}