{"stats":{"minecraft:dropped":{"minecraft:sand":24},"minecraft:killed":{"minecraft:skeleton":1,"minecraft:husk":1,"minecraft:creeper":1},"minecraft:killed_by":{"minecraft:skeleton":1},"minecraft:picked_up":{"minecraft:sand":26},"minecraft:used":{"minecraft:flint_and_steel":2,"minecraft:tnt":106},"minecraft:custom":{"minecraft:time_since_rest":3568,"minecraft:crouch_one_cm":46,"minecraft:play_time":5795,"minecraft:sprint_one_cm":3563,"minecraft:walk_one_cm":5339,"minecraft:damage_taken":285,"minecraft:deaths":1,"minecraft:sneak_time":178,"minecraft:walk_under_water_one_cm":689,"minecraft:mob_kills":3,"minecraft:drop":24,"minecraft:jump":56,"minecraft:damage_dealt":127,"minecraft:time_since_death":3370,"minecraft:walk_on_water_one_cm":814,"minecraft:total_world_time":5795,"minecraft:swim_one_cm":4751,"minecraft:fall_one_cm":1143,"minecraft:fly_one_cm":45312}},"DataVersion":3465}